﻿<?xml version="1.0" encoding="utf-8"?>
<RequestPayload>
	<AppHdr>
		<Fr>
			<OrgId>
				<Id>
					<OrgId>
						<Othr>
							<Id>0116</Id>
						</Othr>
					</OrgId>
				</Id>
			</OrgId>
		</Fr>
		<To>
			<FIId>
				<FinInstnId>
					<ClrSysMmbId>
						<MmbId>RBI</MmbId>
					</ClrSysMmbId>
				</FinInstnId>
			</FIId>
		</To>
		<BizMsgIdr>EPV80116001516701174202404150055</BizMsgIdr>
		<MsgDefIdr>pain.001.001.08</MsgDefIdr>
		<BizSvc>CustomerCreditTransferInitiationV08</BizSvc>
		<CreDt>2024-06-10T12:33:19</CreDt>
	</AppHdr>
	<Document>
		<CstmrCdtTrfInitn>
			<GrpHdr>
				<MsgId>EPV80116001516701174202404150055</MsgId>
				<CreDtTm>2024-06-10T12:33:19</CreDtTm>
				<Authstn>
					<Prtry>ALL</Prtry>
				</Authstn>
				<NbOfTxs>2</NbOfTxs>
				<CtrlSum>20.00</CtrlSum>
				<InitgPty>
					<Nm>WEST BENGAL</Nm>
					<Id>
						<OrgId>
							<Othr>
								<Id>0116</Id>
							</Othr>
						</OrgId>
					</Id>
					<CtctDtls>
						<EmailAdr>gZoKZ@example.com</EmailAdr>
					</CtctDtls>
				</InitgPty>
			</GrpHdr>
			<PmtInf>
				<PmtInfId>01161230120240415202402</PmtInfId>
				<PmtMtd>TRF</PmtMtd>
				<BtchBookg>true</BtchBookg>
				<NbOfTxs>2</NbOfTxs>
				<CtrlSum>20.00</CtrlSum>
				<PmtTpInf>
					<InstrPrty>HIGH</InstrPrty>
					<SvcLvl>
						<Prtry>NEFT</Prtry>
					</SvcLvl>
				</PmtTpInf>
				<ReqdExctnDt>2024-06-10</ReqdExctnDt>
				<Dbtr>
					<Nm>FINANCE DEPT</Nm>
					<PstlAdr>
						<Dept>FD</Dept>
					</PstlAdr>
					<Id>
						<OrgId>
							<Othr>
								<Id>0116</Id>
							</Othr>
						</OrgId>
					</Id>
				</Dbtr>
				<DbtrAcct>
					<Id>
						<Othr>
							<Id>01516701174</Id>
						</Othr>
					</Id>
				</DbtrAcct>
				<DbtrAgt>
					<FinInstnId>
						<ClrSysMmbId>
							<MmbId>RBIS0GOWBEP</MmbId>
						</ClrSysMmbId>
					</FinInstnId>
				</DbtrAgt>
				<CdtTrfTxInf>
					<PmtId>
						<InstrId>DRNPAYEE001</InstrId>
						<EndToEndId>EP011600151670117424162000001</EndToEndId>
					</PmtId>
					<Amt>
						<InstdAmt>
							<Amt>10.00</Amt>
							<CcyOfTrf>INR</CcyOfTrf>
						</InstdAmt>
					</Amt>
					<CdtrAgt>
						<FinInstnId>
							<ClrSysMmbId>
								<MmbId>SBIN0001123</MmbId>
							</ClrSysMmbId>
						</FinInstnId>
						<BrnchId>
							<Id>SBIN0001123</Id>
						</BrnchId>
					</CdtrAgt>
					<Cdtr>
						<Nm>shiv</Nm>
					</Cdtr>
					<CdtrAcct>
						<Id>
							<Othr>
								<Id>10345679766</Id>
							</Othr>
						</Id>
						<Tp>
							<Cd>10</Cd>
						</Tp>
					</CdtrAcct>
				</CdtTrfTxInf>
				<CdtTrfTxInf>
					<PmtId>
						<InstrId>DRNPAYEE001</InstrId>
						<EndToEndId>EP011600151670117424162000001</EndToEndId>
					</PmtId>
					<Amt>
						<InstdAmt>
							<Amt>10.00</Amt>
							<CcyOfTrf>INR</CcyOfTrf>
						</InstdAmt>
					</Amt>
					<CdtrAgt>
						<FinInstnId>
							<ClrSysMmbId>
								<MmbId>SBIN0001123</MmbId>
							</ClrSysMmbId>
						</FinInstnId>
						<BrnchId>
							<Id>SBIN0001123</Id>
						</BrnchId>
					</CdtrAgt>
					<Cdtr>
						<Nm>shiv1</Nm>
					</Cdtr>
					<CdtrAcct>
						<Id>
							<Othr>
								<Id>10345679765</Id>
							</Othr>
						</Id>
						<Tp>
							<Cd>10</Cd>
						</Tp>
					</CdtrAcct>
				</CdtTrfTxInf>
			</PmtInf>
		</CstmrCdtTrfInitn>
	</Document>
</RequestPayload>