<?xml version="1.0" encoding="UTF-8"?>
<RequestPayload>
    <AppHdr>
        <Fr>
            <OrgId>
                <Id>
                    <OrgId>
                        <Othr>
                            <Id>116</Id>
                        </Othr>
                    </OrgId>
                </Id>
            </OrgId>
        </Fr>
        <To>
            <FIId>
                <FinInstnId>
                    <ClrSysMmbId>
                        <MmbId>RBI</MmbId>
                    </ClrSysMmbId>
                </FinInstnId>
            </FIId>
        </To>
        <BizMsgIdr>PRV7011600151670117420240415000021</BizMsgIdr>
        <MsgDefIdr>pain.007.001.07</MsgDefIdr>
        <BizSvc>CustomerPaymentReversalV07</BizSvc>
        <CreDt>2024-06-13T12:08:09</CreDt>
    </AppHdr>
    <Document>
        <CstmrPmtRvsl>
            <GrpHdr>
                <MsgId>PRV7011600151670117420240415000021</MsgId>
                <CreDtTm>2024-06-13T12:08:09</CreDtTm>
                <NbOfTxs>1</NbOfTxs>
                <CtrlSum>10.00</CtrlSum>
                <GrpRvsl>false</GrpRvsl>
                <InitgPty>
                    <Nm>GOVERNMENT OF WEST BENGAL</Nm>
                    <Id>
                        <OrgId>
                            <Othr>
                                <Id>116</Id>
                            </Othr>
                        </OrgId>
                    </Id>
                </InitgPty>
            </GrpHdr>
            <OrgnlGrpInf>
                <OrgnlMsgId>EPV80116001516701174202404150021</OrgnlMsgId>
                <OrgnlMsgNmId>pain.001.001.08</OrgnlMsgNmId>
                <OrgnlCreDtTm>2024-06-12T16:08:09</OrgnlCreDtTm>
            </OrgnlGrpInf>
            <OrgnlPmtInfAndRvsl>
                <TxInf>
                    <RvslId>PRV70116001516701174202404150007</RvslId>
                    <OrgnlInstrId>DRNPAYEE001</OrgnlInstrId>
                    <OrgnlEndToEndId>EP11600151670117424164000007</OrgnlEndToEndId>
                    <OrgnlInstdAmt Ccy="INR">10.00</OrgnlInstdAmt>
                    <RvslRsnInf>
                        <Rsn>
                            <Cd>RC0005</Cd>
                        </Rsn>
                        <AddtlInf>Wrong Payment Date</AddtlInf>
                    </RvslRsnInf>
                </TxInf>
            </OrgnlPmtInfAndRvsl>
        </CstmrPmtRvsl>
    </Document>
</RequestPayload>
